Measurement 1,Measurement 2,Measurement 3,Measurement 4,Measurement 5,Measurement 6,Measurement 7,Measurement 8,Measurement 9,Measurement 10,Measurement 11,Measurement 12,Measurement 13,Measurement 14,Measurement 15,Measurement 16,Measurement 17,Measurement 18,Measurement 19,Measurement 20,Measurement 21,Measurement 22,Measurement 23,Measurement 24,Measurement 25,Measurement 26,Measurement 27,Measurement 28,Measurement 29,Measurement 30,Measurement 31,Measurement 32,Measurement 33,Measurement 34,Measurement 35,Measurement 36,Measurement 37,Measurement 38,Measurement 39,Measurement 40,Measurement 41,Measurement 42,Measurement 43,Measurement 44,Measurement 45,Measurement 46,Measurement 47,Measurement 48,Measurement 49,Measurement 50,Measurement 51,Measurement 52,Measurement 53,Measurement 54,Measurement 55,Measurement 56,Measurement 57,Measurement 58,Measurement 59,Measurement 60,Measurement 61,Measurement 62,Measurement 63,Measurement 64,Measurement 65,Measurement 66,Measurement 67,Measurement 68,Measurement 69,Measurement 70,Measurement 71,Measurement 72,Measurement 73,Measurement 74,Measurement 75,Measurement 76,Measurement 77,Measurement 78,Measurement 79,Measurement 80,Measurement 81,Measurement 82,Measurement 83,Measurement 84,Measurement 85,Measurement 86,Measurement 87,Measurement 88,Measurement 89,Measurement 90,Measurement 91,Measurement 92,Measurement 93,Measurement 94,Measurement 95,Measurement 96,Measurement 97,Measurement 98,Measurement 99,Measurement 100
-1,1,-1,-1,-1,-1,-1,1,-1,1,1,1,1,-1,-1,-1,1,1,-1,1,-1,1,-1,1,1,1,-1,-1,1,-1,-1,-1,-1,-1,1,1,-1,-1,-1,1,1,-1,1,1,-1,1,1,1,-1,1,1,1,1,1,1,1,-1,-1,1,-1,-1,-1,1,1,-1,-1,-1,1,1,1,1,-1,-1,1,-1,-1,-1,1,-1,1,1,1,-1,-1,-1,1,-1,1,1,1,-1,1,-1,1,-1,-1,1,1,1,-1
-1,1,1,1,1,1,1,-1,1,1,1,-1,-1,1,1,1,-1,-1,1,1,1,1,-1,1,1,1,-1,1,-1,1,1,1,-1,-1,-1,-1,1,1,-1,-1,-1,-1,-1,1,1,1,1,-1,-1,1,-1,-1,-1,-1,-1,-1,-1,1,-1,-1,1,-1,-1,-1,-1,1,-1,-1,1,-1,1,1,1,-1,-1,1,1,-1,1,1,-1,-1,1,1,-1,1,1,1,-1,-1,-1,-1,-1,1,1,-1,-1,1,1,1
1,-1,1,1,1,-1,1,1,1,-1,-1,1,1,1,1,1,1,1,-1,-1,-1,-1,1,-1,-1,-1,1,-1,-1,1,-1,-1,1,-1,1,1,-1,-1,1,-1,1,-1,1,-1,-1,-1,1,1,-1,-1,-1,-1,-1,1,1,-1,1,1,-1,1,-1,-1,-1,-1,1,1,1,-1,-1,-1,-1,-1,1,1,1,1,1,-1,1,1,1,1,1,-1,-1,1,-1,-1,1,-1,-1,-1,-1,-1,1,1,-1,-1,-1,1
-1,1,1,-1,1,-1,-1,-1,1,1,-1,1,1,-1,-1,-1,1,-1,-1,-1,-1,-1,-1,1,-1,1,-1,1,-1,1,-1,1,1,1,1,-1,1,1,-1,-1,-1,1,-1,-1,1,1,-1,-1,-1,1,-1,1,1,1,1,-1,-1,-1,1,-1,-1,-1,-1,-1,1,1,-1,-1,1,1,1,1,-1,-1,1,-1,1,1,1,-1,-1,-1,1,1,1,-1,1,1,-1,1,1,-1,1,1,-1,1,-1,1,-1,-1
1,-1,1,1,-1,1,-1,1,1,-1,1,-1,-1,1,1,1,-1,1,1,1,1,1,-1,1,1,-1,1,1,1,-1,1,-1,-1,-1,1,1,-1,1,-1,1,1,1,1,1,-1,-1,-1,-1,-1,1,1,1,1,1,-1,1,1,1,-1,-1,1,-1,1,-1,1,1,-1,-1,-1,-1,1,-1,1,-1,-1,1,1,-1,1,1,-1,1,-1,-1,1,1,1,1,1,-1,-1,-1,-1,-1,-1,-1,1,-1,-1,1
1,1,-1,-1,1,1,-1,1,-1,-1,-1,1,1,-1,1,-1,-1,1,-1,-1,1,1,-1,-1,1,-1,-1,1,1,1,1,-1,-1,1,1,1,-1,1,-1,1,-1,1,-1,1,1,1,1,-1,1,-1,1,-1,1,1,-1,-1,-1,-1,-1,1,-1,1,1,1,1,1,1,1,1,-1,-1,-1,-1,1,-1,-1,1,1,-1,-1,1,-1,-1,1,1,-1,-1,-1,-1,1,1,1,1,1,-1,1,-1,1,1,1
1,-1,1,1,1,-1,-1,-1,1,1,1,-1,1,-1,-1,-1,1,-1,1,-1,-1,-1,-1,1,1,-1,-1,-1,-1,1,1,1,1,1,-1,-1,-1,-1,1,-1,1,-1,1,-1,1,1,-1,1,1,1,-1,1,-1,-1,1,1,1,1,1,-1,1,-1,-1,1,1,-1,1,1,-1,-1,1,1,1,-1,-1,-1,1,-1,-1,1,1,1,1,-1,-1,-1,1,1,1,1,1,1,1,1,-1,1,-1,-1,-1,-1
1,1,1,-1,-1,-1,-1,-1,1,-1,-1,1,-1,-1,-1,-1,-1,1,-1,1,1,-1,1,-1,-1,1,1,1,1,-1,1,-1,-1,-1,-1,-1,1,-1,1,-1,-1,1,-1,-1,1,-1,1,1,-1,1,1,-1,-1,1,-1,-1,-1,-1,1,1,1,1,-1,-1,-1,1,-1,1,-1,-1,-1,-1,1,1,1,1,-1,1,-1,1,1,-1,-1,1,1,-1,-1,1,1,-1,1,1,1,-1,1,-1,1,1,-1,1
-1,-1,-1,-1,-1,-1,1,1,-1,1,1,-1,1,-1,-1,1,1,1,-1,-1,1,1,1,-1,1,-1,-1,-1,-1,-1,-1,1,1,1,-1,-1,1,1,-1,1,1,1,1,-1,-1,1,-1,-1,-1,-1,-1,1,1,1,1,1,1,-1,-1,-1,1,1,1,1,-1,1,-1,1,-1,1,-1,-1,-1,-1,1,1,-1,-1,-1,1,-1,1,-1,-1,1,-1,1,1,-1,1,-1,-1,-1,1,1,1,-1,-1,1,1
-1,1,1,1,1,-1,-1,1,-1,1,1,-1,1,1,1,-1,1,1,1,-1,-1,1,-1,1,-1,-1,-1,-1,-1,1,-1,-1,-1,-1,1,1,-1,-1,1,-1,-1,1,-1,1,-1,1,1,-1,1,-1,1,-1,-1,1,-1,1,1,1,1,-1,-1,-1,-1,-1,-1,1,1,-1,1,1,1,1,1,1,-1,-1,1,1,-1,1,-1,1,-1,-1,-1,1,1,-1,1,1,-1,1,1,1,-1,-1,1,1,1,-1
-1,-1,-1,-1,-1,1,-1,1,1,-1,1,-1,-1,1,1,1,1,-1,-1,1,1,-1,-1,-1,1,1,-1,-1,-1,1,1,1,1,1,-1,-1,-1,1,1,-1,1,-1,1,-1,1,1,-1,1,1,-1,-1,1,-1,-1,1,-1,1,1,-1,1,-1,-1,1,1,-1,1,1,-1,1,-1,-1,-1,1,-1,1,-1,-1,-1,-1,-1,-1,1,1,1,-1,1,-1,1,-1,1,1,1,-1,-1,1,1,-1,1,-1,1
1,-1,1,1,-1,-1,1,-1,-1,1,-1,-1,1,-1,1,1,1,1,1,-1,-1,1,1,1,1,-1,-1,1,1,-1,1,1,1,-1,1,1,1,-1,1,1,1,1,1,-1,1,-1,1,1,-1,1,-1,1,1,-1,1,-1,-1,-1,1,-1,1,1,1,-1,1,-1,1,-1,1,-1,1,1,1,1,-1,1,-1,-1,1,-1,-1,1,-1,-1,-1,-1,1,-1,-1,-1,1,-1,-1,-1,1,-1,1,-1,1,1
1,1,-1,1,-1,-1,-1,1,1,-1,1,1,1,-1,1,1,1,1,-1,1,-1,1,-1,-1,1,-1,1,-1,-1,1,-1,-1,-1,1,1,-1,-1,1,1,-1,1,-1,-1,1,1,-1,1,-1,1,1,1,-1,-1,-1,1,-1,1,-1,-1,-1,-1,-1,-1,1,-1,-1,-1,1,-1,1,-1,-1,1,-1,1,1,1,1,-1,-1,1,-1,1,1,1,1,1,1,-1,1,1,-1,1,1,-1,1,1,-1,-1,-1
1,-1,1,-1,-1,1,1,1,-1,-1,-1,1,-1,-1,-1,1,-1,-1,-1,-1,-1,-1,-1,1,-1,-1,-1,1,-1,1,1,-1,1,-1,1,1,1,-1,-1,1,-1,-1,-1,-1,-1,1,-1,1,1,1,-1,-1,-1,1,-1,1,1,1,-1,1,1,1,1,1,1,-1,-1,1,1,1,1,1,1,1,-1,-1,1,-1,-1,1,-1,1,-1,1,1,-1,1,-1,1,-1,1,1,-1,1,-1,1,-1,1,1,1
-1,-1,-1,1,1,1,1,-1,-1,-1,1,-1,1,1,1,1,1,-1,1,1,1,1,1,1,-1,-1,1,1,1,-1,-1,1,1,-1,1,1,-1,1,1,-1,-1,1,-1,-1,1,-1,-1,1,-1,1,-1,1,-1,-1,-1,-1,-1,-1,-1,-1,-1,1,-1,-1,-1,1,1,-1,1,-1,1,1,-1,-1,-1,-1,1,1,1,-1,1,1,1,-1,-1,-1,-1,1,1,1,-1,-1,1,-1,1,1,1,-1,1,-1
1,1,1,-1,-1,-1,-1,-1,1,1,-1,-1,-1,-1,-1,-1,1,1,1,-1,-1,-1,1,1,1,1,-1,-1,-1,1,1,1,-1,1,-1,1,-1,-1,1,1,-1,-1,-1,1,1,1,1,-1,1,1,-1,1,1,-1,1,1,1,1,1,-1,-1,-1,-1,1,1,-1,1,1,-1,1,1,-1,-1,-1,-1,1,1,-1,-1,-1,-1,-1,1,-1,-1,1,1,1,1,-1,1,-1,1,-1,1,-1,1,1,1,1
1,-1,-1,1,-1,1,1,-1,-1,1,-1,1,1,1,-1,-1,-1,-1,-1,1,-1,1,1,-1,-1,1,-1,-1,1,-1,1,-1,-1,1,-1,1,-1,-1,-1,1,1,1,-1,1,1,1,-1,1,-1,-1,1,-1,-1,1,-1,-1,1,-1,-1,1,1,1,1,1,1,1,-1,1,1,-1,1,-1,1,-1,1,-1,-1,-1,1,-1,1,-1,-1,-1,1,1,-1,1,1,1,-1,-1,-1,1,-1,-1,-1,-1,-1,-1
1,1,1,1,1,-1,1,1,1,1,-1,-1,1,1,-1,1,1,1,1,-1,1,-1,-1,1,1,1,-1,1,-1,1,-1,1,1,-1,1,-1,-1,1,-1,-1,1,-1,1,-1,1,-1,1,-1,1,1,-1,-1,1,1,-1,1,1,-1,1,-1,1,-1,1,-1,1,-1,1,1,-1,1,-1,1,-1,-1,-1,1,1,-1,1,1,1,1,1,1,1,-1,1,-1,-1,1,1,-1,-1,1,1,1,-1,1,1,1
-1,-1,-1,-1,-1,-1,-1,-1,1,-1,-1,1,-1,-1,-1,-1,1,1,1,-1,-1,1,1,-1,-1,-1,1,-1,-1,1,-1,-1,-1,1,-1,-1,1,-1,1,1,1,1,-1,1,-1,-1,-1,-1,1,1,-1,1,-1,-1,1,1,-1,1,1,-1,-1,-1,-1,-1,1,-1,-1,-1,-1,-1,-1,1,1,-1,-1,1,-1,1,-1,-1,-1,-1,1,-1,-1,-1,-1,-1,1,-1,1,1,-1,-1,1,-1,-1,1,-1,-1
1,1,1,1,1,1,1,-1,1,1,1,1,1,-1,1,1,-1,1,1,1,-1,-1,-1,-1,-1,-1,-1,1,1,-1,1,-1,-1,1,1,1,-1,1,-1,1,-1,-1,1,1,1,1,1,1,-1,-1,1,1,1,1,1,-1,-1,1,1,-1,1,-1,-1,-1,1,1,-1,-1,-1,-1,1,1,1,1,1,-1,1,1,1,1,1,-1,-1,-1,1,1,1,-1,-1,-1,1,-1,1,-1,-1,1,-1,1,-1,1
1,-1,1,-1,-1,-1,1,-1,-1,-1,-1,-1,-1,1,-1,-1,-1,1,-1,-1,-1,1,1,-1,1,1,-1,-1,-1,-1,1,1,-1,-1,1,1,1,1,1,-1,1,1,1,-1,-1,1,-1,-1,1,-1,-1,1,-1,-1,-1,1,-1,-1,-1,1,-1,1,1,-1,-1,-1,1,1,-1,1,-1,1,1,-1,-1,1,-1,-1,1,1,1,1,1,-1,-1,-1,1,1,-1,1,-1,1,-1,1,-1,-1,1,-1,1,-1
-1,1,-1,-1,1,-1,1,1,1,-1,-1,1,-1,-1,-1,-1,1,-1,1,1,1,-1,-1,-1,1,-1,-1,-1,1,1,-1,-1,1,-1,-1,-1,1,-1,1,-1,-1,1,-1,1,1,1,1,1,-1,1,-1,-1,-1,1,-1,-1,1,1,-1,-1,-1,-1,-1,-1,1,1,-1,-1,-1,-1,-1,-1,-1,-1,1,1,1,1,1,-1,1,-1,-1,-1,1,1,-1,-1,1,-1,1,-1,1,1,1,1,-1,1,-1,1
-1,-1,-1,1,-1,1,-1,-1,1,-1,1,-1,1,1,1,1,-1,1,1,-1,-1,1,1,1,1,1,1,1,-1,-1,1,1,-1,1,1,-1,1,1,-1,-1,1,-1,1,1,1,-1,-1,1,1,-1,1,-1,-1,1,1,-1,-1,-1,1,-1,1,1,1,1,-1,-1,-1,-1,-1,1,1,1,-1,1,1,1,1,1,-1,1,-1,-1,1,-1,1,-1,-1,1,-1,1,-1,-1,1,1,-1,-1,1,1,1,-1
1,1,1,-1,1,1,-1,-1,-1,-1,-1,-1,-1,-1,-1,-1,1,1,-1,1,-1,-1,-1,-1,-1,-1,1,1,1,1,1,-1,1,1,1,1,-1,-1,1,-1,-1,-1,-1,-1,-1,1,-1,-1,1,-1,-1,1,-1,-1,-1,1,1,-1,-1,1,-1,-1,-1,1,1,-1,1,-1,1,1,-1,1,1,-1,-1,-1,1,-1,1,1,-1,1,-1,-1,-1,1,1,-1,1,-1,-1,1,1,-1,-1,1,1,-1,1,1
-1,-1,-1,-1,1,-1,1,1,1,-1,-1,1,-1,1,1,1,1,-1,-1,-1,-1,1,-1,1,1,1,-1,-1,1,1,1,1,1,-1,1,-1,1,-1,1,-1,-1,1,-1,1,1,-1,-1,1,-1,1,1,1,-1,1,1,-1,1,1,1,1,-1,-1,-1,-1,1,1,-1,1,1,-1,-1,1,1,1,-1,1,-1,-1,-1,-1,-1,1,1,1,1,-1,1,-1,-1,1,1,1,1,1,1,1,1,1,1,1
-1,-1,-1,-1,-1,1,1,1,-1,1,-1,-1,-1,-1,-1,-1,-1,1,1,1,1,-1,1,-1,1,-1,1,1,1,1,-1,1,-1,1,1,-1,1,1,1,1,-1,1,1,-1,-1,-1,1,-1,1,-1,-1,1,1,1,-1,1,-1,1,-1,1,1,1,1,1,1,1,1,1,1,-1,1,-1,-1,-1,1,-1,-1,1,-1,1,1,-1,1,-1,-1,-1,-1,-1,1,1,-1,1,-1,-1,1,1,-1,-1,-1,-1
1,1,1,-1,-1,1,1,-1,1,1,-1,-1,-1,-1,1,1,1,-1,1,1,1,-1,-1,-1,-1,-1,1,-1,-1,-1,-1,-1,-1,-1,-1,1,-1,-1,-1,1,1,-1,-1,1,-1,1,-1,1,1,1,1,-1,-1,-1,-1,1,-1,-1,1,-1,1,1,1,-1,-1,1,1,1,-1,-1,1,1,1,1,-1,-1,1,1,1,-1,1,1,1,-1,-1,1,1,1,-1,-1,1,-1,1,-1,1,1,1,1,-1,-1
1,1,-1,1,1,-1,-1,1,-1,-1,1,1,-1,1,-1,-1,-1,1,1,1,1,-1,1,1,1,1,-1,-1,1,1,1,1,-1,-1,-1,-1,1,-1,1,-1,1,-1,1,-1,1,-1,1,1,-1,1,1,-1,1,-1,1,-1,1,1,-1,1,-1,-1,-1,1,1,-1,-1,-1,1,1,-1,1,1,-1,1,-1,1,-1,-1,1,-1,-1,-1,-1,-1,-1,1,1,1,1,-1,-1,1,1,-1,-1,-1,-1,-1,-1
-1,-1,1,-1,-1,-1,-1,1,-1,1,1,-1,-1,1,1,1,1,-1,-1,1,-1,1,-1,-1,-1,-1,1,1,1,-1,-1,1,1,-1,1,-1,-1,1,-1,1,1,1,-1,-1,1,-1,1,1,1,-1,1,-1,1,1,-1,-1,1,-1,1,1,1,-1,-1,-1,-1,1,-1,1,-1,1,-1,1,-1,-1,1,1,-1,1,1,-1,1,1,-1,1,-1,1,1,1,1,-1,1,-1,-1,-1,-1,-1,1,1,1,1
-1,1,-1,-1,1,-1,1,-1,1,1,1,1,1,-1,-1,-1,1,-1,1,-1,1,-1,-1,-1,1,-1,-1,-1,-1,-1,-1,-1,1,1,-1,1,-1,1,-1,-1,-1,-1,-1,1,-1,1,1,-1,-1,-1,1,-1,-1,-1,1,-1,-1,-1,-1,1,-1,1,1,-1,1,-1,-1,1,-1,1,1,1,1,-1,-1,1,1,-1,-1,-1,1,1,1,1,1,-1,1,1,1,-1,1,-1,1,1,1,1,1,1,1,-1
-1,-1,1,-1,-1,-1,-1,-1,1,-1,-1,-1,1,-1,1,1,-1,1,1,-1,1,1,1,-1,-1,1,1,1,1,-1,1,1,-1,1,1,-1,1,-1,-1,1,-1,1,-1,1,1,-1,-1,1,-1,1,1,1,1,-1,-1,-1,-1,-1,1,-1,1,-1,1,1,1,1,1,-1,1,-1,-1,-1,-1,1,1,-1,1,-1,-1,1,-1,-1,1,-1,-1,1,-1,-1,-1,-1,-1,1,1,-1,1,-1,-1,1,-1,1
1,1,1,1,1,1,1,1,1,-1,-1,1,1,1,1,-1,1,1,-1,1,-1,1,-1,-1,1,-1,1,-1,-1,-1,-1,-1,1,-1,1,1,-1,1,-1,-1,-1,-1,-1,-1,1,-1,1,-1,1,-1,1,1,-1,1,-1,1,-1,1,-1,-1,-1,1,1,1,-1,-1,-1,-1,-1,-1,-1,1,-1,1,-1,1,-1,1,1,-1,-1,1,-1,-1,-1,-1,-1,1,1,-1,1,1,-1,-1,-1,1,-1,-1,1,-1
1,1,1,1,-1,1,1,-1,1,1,1,1,-1,1,-1,1,1,-1,-1,1,-1,-1,1,1,1,1,-1,-1,1,-1,1,1,-1,1,-1,-1,1,1,1,1,1,1,1,1,1,1,-1,1,1,1,-1,-1,1,1,1,-1,1,1,-1,-1,1,-1,1,1,1,-1,1,-1,-1,-1,1,1,1,1,1,1,-1,-1,-1,1,1,-1,-1,1,1,1,1,1,1,1,-1,-1,1,1,-1,1,1,-1,1,-1
-1,-1,-1,1,-1,-1,-1,1,-1,1,1,-1,1,-1,1,1,1,1,1,1,1,-1,-1,1,-1,1,-1,1,-1,1,1,-1,1,1,-1,1,1,1,1,-1,-1,1,-1,1,-1,1,-1,1,-1,-1,1,1,-1,-1,1,1,1,-1,1,1,1,1,1,1,1,-1,-1,-1,1,1,-1,-1,-1,-1,-1,-1,-1,1,1,-1,1,-1,1,1,1,1,-1,1,-1,1,-1,1,1,-1,1,-1,1,-1,-1,-1
1,1,-1,-1,1,1,-1,-1,1,-1,-1,-1,-1,1,-1,1,-1,-1,-1,-1,1,1,1,-1,1,-1,1,-1,1,-1,-1,1,1,1,1,-1,1,-1,-1,-1,1,-1,1,-1,1,-1,-1,-1,-1,1,-1,1,-1,-1,-1,-1,-1,1,-1,-1,-1,-1,1,1,-1,1,-1,1,-1,-1,1,1,1,-1,1,1,-1,1,1,1,1,1,-1,-1,-1,-1,-1,1,-1,1,-1,1,-1,-1,1,-1,-1,1,-1,1
-1,-1,1,-1,1,1,1,-1,-1,-1,1,1,1,-1,-1,-1,-1,1,-1,1,-1,-1,-1,1,-1,-1,-1,1,-1,1,1,-1,-1,1,1,1,-1,1,1,1,-1,1,1,1,-1,-1,-1,1,-1,-1,-1,1,1,1,-1,-1,-1,1,1,1,-1,1,1,-1,1,-1,1,-1,1,1,-1,1,1,1,-1,1,1,-1,-1,1,-1,-1,1,1,1,1,1,-1,1,-1,1,1,1,1,1,-1,1,-1,1,-1
-1,1,1,-1,-1,-1,1,-1,-1,-1,-1,-1,-1,-1,1,-1,1,-1,-1,1,1,1,-1,-1,-1,-1,1,-1,-1,1,1,1,-1,-1,-1,-1,-1,1,-1,-1,1,-1,-1,-1,1,-1,1,-1,1,-1,-1,1,1,1,-1,-1,1,1,-1,-1,-1,1,-1,-1,-1,1,-1,-1,1,1,1,-1,-1,1,1,-1,-1,-1,-1,-1,1,1,1,1,-1,-1,1,1,-1,-1,-1,1,-1,1,-1,-1,1,1,-1,1
1,-1,-1,1,1,-1,1,1,-1,1,1,1,1,1,-1,1,-1,-1,1,-1,1,-1,1,-1,1,1,1,1,1,-1,-1,-1,-1,1,-1,-1,1,-1,-1,-1,-1,1,1,1,-1,1,1,-1,-1,-1,1,-1,1,-1,1,1,1,-1,-1,-1,1,-1,1,-1,-1,1,-1,1,-1,1,-1,1,1,-1,-1,-1,1,-1,1,-1,1,-1,-1,-1,-1,1,-1,-1,1,1,-1,1,1,1,-1,1,1,1,1,-1
-1,1,-1,-1,1,-1,-1,-1,-1,-1,-1,1,-1,1,-1,1,1,1,-1,-1,-1,-1,1,1,1,-1,1,-1,1,1,-1,1,1,1,-1,1,1,1,1,-1,-1,-1,-1,-1,-1,-1,1,-1,-1,1,-1,1,-1,-1,-1,1,-1,1,-1,1,1,1,-1,1,1,-1,1,1,1,1,-1,1,1,-1,1,1,-1,1,-1,1,1,1,1,1,-1,1,-1,1,-1,1,-1,1,1,-1,-1,-1,-1,1,-1,-1
-1,-1,1,1,-1,1,1,-1,1,1,-1,1,-1,-1,-1,-1,1,-1,-1,-1,1,1,1,-1,-1,1,1,-1,-1,-1,1,-1,-1,-1,1,1,1,-1,-1,1,1,1,-1,-1,-1,1,1,1,1,-1,1,-1,1,1,1,-1,1,-1,-1,-1,-1,1,1,1,-1,1,-1,1,-1,-1,-1,1,1,1,-1,-1,1,-1,1,-1,-1,-1,1,-1,-1,1,1,1,1,1,1,-1,-1,-1,1,-1,-1,1,-1,-1
1,1,1,-1,-1,-1,-1,1,1,-1,-1,-1,1,-1,-1,1,-1,1,1,1,-1,-1,-1,-1,1,1,-1,-1,1,1,-1,-1,-1,-1,-1,-1,-1,1,1,1,1,1,1,-1,1,-1,-1,-1,-1,-1,1,-1,1,-1,-1,-1,-1,1,-1,-1,1,-1,-1,1,1,1,-1,1,1,1,-1,1,1,-1,1,-1,-1,1,1,-1,1,-1,-1,1,1,1,-1,1,-1,-1,-1,1,1,1,-1,-1,-1,-1,1,1
1,-1,1,1,1,-1,-1,-1,1,1,-1,1,1,1,1,-1,-1,1,-1,1,-1,1,1,1,-1,-1,-1,1,1,-1,-1,1,1,-1,-1,-1,1,1,-1,-1,-1,-1,1,-1,1,1,1,-1,1,1,1,1,-1,1,1,1,1,-1,1,1,-1,1,1,-1,1,-1,1,1,1,1,-1,-1,-1,1,-1,1,1,-1,1,1,-1,-1,1,-1,-1,-1,1,-1,1,-1,1,-1,1,-1,-1,1,-1,-1,-1,-1
-1,-1,-1,1,-1,1,1,1,1,1,1,1,-1,1,1,1,1,-1,-1,-1,1,-1,1,-1,1,-1,1,-1,-1,-1,1,1,-1,-1,1,-1,-1,1,1,-1,-1,1,1,1,-1,1,-1,1,1,-1,-1,-1,1,1,-1,1,1,1,-1,-1,-1,-1,-1,1,-1,-1,-1,-1,1,1,1,1,1,1,-1,-1,-1,1,1,1,1,1,-1,-1,1,-1,-1,-1,1,1,-1,1,-1,1,1,-1,1,1,1,1
-1,-1,1,1,1,1,1,1,1,1,-1,-1,1,1,-1,-1,-1,-1,1,-1,-1,-1,1,1,-1,1,1,-1,1,1,1,1,-1,1,1,1,1,-1,-1,1,1,1,-1,-1,1,-1,1,-1,-1,1,1,-1,1,-1,1,-1,-1,1,1,-1,1,-1,1,1,-1,1,1,1,-1,-1,1,1,1,-1,1,-1,1,-1,-1,-1,1,-1,-1,1,-1,-1,1,1,1,1,1,1,-1,-1,-1,-1,-1,-1,-1,-1
-1,1,1,-1,1,1,1,-1,-1,-1,1,1,1,1,-1,-1,1,-1,-1,1,1,1,-1,1,-1,1,-1,-1,1,1,-1,-1,-1,-1,-1,1,-1,1,1,-1,-1,-1,1,1,1,-1,-1,1,1,-1,1,1,1,-1,-1,1,1,-1,1,-1,1,1,1,1,1,-1,-1,1,-1,1,-1,1,-1,-1,1,-1,1,-1,-1,1,-1,1,1,-1,1,1,-1,-1,-1,-1,-1,-1,1,1,-1,1,-1,1,-1,1
1,-1,-1,1,-1,-1,-1,1,-1,1,1,1,-1,-1,1,1,-1,1,-1,1,1,1,1,-1,-1,1,1,1,-1,1,1,-1,-1,1,1,1,1,-1,-1,1,1,-1,1,-1,1,1,1,1,1,1,-1,-1,1,1,-1,1,-1,1,-1,1,1,1,1,1,1,-1,-1,-1,1,-1,-1,-1,1,1,-1,1,-1,1,-1,-1,1,-1,-1,1,1,1,1,1,-1,1,-1,1,-1,-1,1,-1,1,1,1,1
1,-1,1,1,-1,-1,1,1,-1,-1,-1,-1,-1,1,-1,-1,1,-1,1,-1,1,-1,-1,1,1,-1,1,-1,1,1,-1,-1,1,-1,1,-1,1,-1,-1,-1,1,1,-1,1,1,-1,1,-1,1,-1,-1,-1,1,-1,1,1,1,-1,-1,1,1,-1,-1,-1,1,1,1,-1,-1,1,1,-1,-1,1,-1,1,-1,1,1,-1,-1,1,1,-1,-1,-1,-1,1,1,-1,-1,-1,-1,1,1,-1,1,-1,1,1
-1,1,-1,-1,-1,1,-1,-1,1,1,1,-1,-1,1,1,-1,1,1,1,1,-1,1,1,1,1,1,-1,-1,1,-1,1,1,1,1,-1,1,1,1,1,1,-1,-1,-1,-1,1,1,1,1,-1,1,-1,1,1,1,-1,-1,-1,1,1,1,-1,1,-1,-1,-1,-1,-1,1,-1,-1,1,-1,-1,-1,1,-1,1,-1,-1,1,-1,1,-1,1,1,-1,-1,1,1,1,-1,-1,1,-1,-1,1,-1,1,1,-1
1,-1,-1,1,1,-1,1,1,1,-1,1,1,1,1,-1,1,-1,-1,-1,1,-1,1,1,-1,1,-1,1,-1,1,1,1,1,-1,1,1,-1,-1,1,1,-1,-1,1,-1,-1,-1,-1,-1,-1,1,-1,1,-1,-1,-1,1,-1,1,-1,1,-1,1,-1,1,-1,1,-1,1,1,1,1,-1,1,1,-1,1,-1,-1,1,1,1,1,-1,-1,-1,-1,1,1,-1,-1,-1,1,-1,-1,1,-1,-1,-1,-1,-1,1
-1,-1,1,-1,1,1,-1,1,1,1,-1,1,-1,-1,1,1,-1,1,1,1,1,1,-1,1,-1,1,1,-1,-1,-1,-1,-1,1,-1,1,1,1,-1,-1,1,-1,-1,1,-1,1,-1,-1,-1,1,-1,1,1,1,-1,1,1,-1,-1,1,-1,1,1,-1,1,-1,1,-1,1,-1,-1,1,-1,1,1,-1,1,1,-1,-1,1,1,-1,1,-1,1,-1,1,-1,1,1,1,1,1,-1,1,1,1,-1,-1,-1
1,-1,1,-1,-1,1,1,1,-1,1,-1,-1,-1,1,-1,-1,1,1,1,1,1,-1,1,1,-1,1,1,1,1,1,-1,1,1,-1,1,-1,1,1,-1,1,1,1,-1,-1,-1,1,1,-1,1,1,-1,-1,-1,-1,-1,-1,-1,-1,-1,1,-1,-1,1,-1,1,1,1,-1,1,1,1,1,-1,1,1,1,1,1,1,-1,1,1,1,1,-1,1,-1,-1,1,-1,-1,-1,-1,1,1,-1,-1,-1,-1,-1
-1,-1,1,1,-1,1,-1,-1,-1,-1,1,1,1,-1,-1,-1,1,1,-1,1,1,1,1,1,-1,-1,-1,1,-1,-1,1,1,-1,1,-1,1,1,-1,1,-1,-1,-1,-1,1,-1,-1,1,1,1,-1,1,1,-1,-1,1,-1,1,1,1,-1,-1,1,-1,-1,1,-1,-1,-1,-1,-1,1,-1,-1,1,1,-1,-1,1,1,-1,-1,-1,1,1,1,-1,1,-1,-1,-1,1,-1,-1,1,1,1,-1,1,-1,1
-1,1,1,1,1,-1,1,-1,1,1,-1,1,1,1,-1,-1,-1,-1,-1,-1,-1,1,-1,-1,1,-1,-1,-1,1,1,-1,1,1,-1,1,-1,-1,-1,-1,1,1,1,1,1,-1,1,-1,-1,-1,-1,-1,-1,1,1,-1,1,-1,-1,1,1,1,-1,1,-1,1,-1,-1,1,1,-1,-1,1,-1,-1,1,1,-1,-1,-1,1,-1,1,-1,-1,1,1,-1,1,-1,1,-1,1,-1,-1,-1,1,1,1,-1,-1
-1,1,-1,1,1,-1,-1,-1,1,-1,1,1,1,-1,-1,1,1,-1,1,-1,-1,-1,-1,1,1,1,1,1,-1,1,1,-1,-1,-1,1,-1,-1,-1,-1,1,1,-1,1,-1,1,1,1,1,1,1,1,1,1,1,1,-1,1,1,-1,1,1,1,1,1,-1,-1,1,1,1,1,1,-1,1,1,1,-1,1,1,1,-1,-1,-1,1,1,1,-1,1,1,-1,-1,1,-1,1,1,1,1,-1,1,1,1
1,1,-1,-1,1,-1,1,1,-1,1,-1,1,-1,-1,1,-1,1,-1,1,1,-1,1,1,-1,-1,-1,-1,1,1,1,-1,1,1,1,-1,1,-1,1,1,-1,-1,-1,-1,1,1,-1,-1,1,1,1,-1,-1,-1,-1,1,1,-1,-1,-1,-1,1,1,-1,-1,-1,-1,-1,-1,-1,-1,1,1,-1,-1,1,1,-1,1,1,-1,1,1,-1,-1,1,1,1,-1,1,1,1,1,1,1,-1,-1,1,-1,-1,-1
-1,-1,1,1,-1,1,-1,-1,1,1,1,-1,-1,1,-1,1,-1,1,-1,1,1,-1,1,-1,-1,1,1,-1,-1,1,1,1,1,1,-1,1,1,1,-1,1,1,-1,-1,1,-1,1,-1,-1,-1,1,1,1,1,-1,-1,1,-1,1,1,1,-1,1,-1,-1,1,-1,-1,1,-1,-1,-1,-1,1,-1,-1,1,1,-1,-1,1,-1,-1,1,1,-1,-1,1,1,1,-1,-1,-1,-1,-1,1,-1,1,-1,-1,1
-1,-1,-1,1,1,1,-1,-1,1,-1,-1,1,1,1,1,1,1,1,1,-1,-1,1,-1,-1,1,1,-1,1,1,-1,1,-1,-1,-1,1,-1,-1,-1,-1,1,-1,1,1,1,-1,-1,-1,-1,1,-1,-1,-1,1,1,1,-1,1,1,-1,1,1,1,-1,-1,1,1,1,1,1,1,-1,-1,1,-1,1,1,1,-1,-1,-1,-1,1,1,-1,-1,-1,-1,-1,-1,-1,1,1,1,-1,-1,-1,-1,-1,1,-1
-1,1,1,1,-1,-1,1,-1,-1,1,1,-1,-1,1,1,-1,-1,1,1,-1,1,-1,-1,1,1,-1,1,1,-1,-1,-1,1,-1,1,1,1,1,-1,-1,1,-1,-1,-1,-1,1,-1,1,-1,1,-1,-1,1,-1,-1,1,1,-1,-1,1,-1,-1,-1,1,-1,1,-1,1,-1,-1,1,1,-1,-1,1,1,-1,1,1,-1,1,1,-1,-1,-1,1,-1,-1,1,1,1,-1,1,-1,1,1,1,1,-1,-1,1
1,1,1,1,1,-1,1,-1,1,-1,1,1,1,-1,-1,1,-1,-1,-1,1,1,1,1,-1,-1,-1,-1,-1,-1,1,1,1,1,1,-1,-1,-1,-1,1,1,-1,1,-1,1,1,1,-1,1,-1,-1,1,1,1,-1,-1,1,-1,1,-1,1,1,1,1,-1,1,-1,1,-1,1,1,-1,1,1,1,1,-1,-1,1,-1,-1,-1,-1,-1,-1,-1,-1,1,1,1,1,-1,-1,-1,-1,1,-1,-1,-1,1,-1
1,-1,-1,-1,-1,1,-1,1,-1,1,1,1,1,-1,1,-1,1,-1,-1,1,-1,-1,-1,-1,-1,1,1,-1,-1,1,-1,1,1,-1,1,-1,1,1,-1,1,1,1,1,1,1,-1,1,-1,1,1,1,-1,-1,1,1,-1,1,-1,1,1,-1,-1,1,1,-1,1,-1,-1,1,-1,1,1,-1,1,-1,1,-1,1,1,-1,1,1,1,-1,1,-1,-1,-1,-1,-1,1,-1,1,1,-1,-1,-1,-1,1,1
-1,-1,1,-1,1,-1,1,-1,-1,-1,-1,-1,-1,1,-1,1,1,-1,1,1,-1,-1,1,-1,1,-1,-1,1,1,-1,-1,-1,-1,-1,1,1,-1,-1,1,-1,-1,-1,1,-1,-1,-1,-1,-1,1,1,-1,-1,1,-1,1,-1,-1,-1,1,-1,-1,-1,-1,1,-1,-1,-1,1,-1,1,-1,1,1,-1,1,-1,1,-1,1,1,-1,-1,-1,1,1,1,-1,1,1,1,-1,-1,-1,1,1,1,-1,1,1,-1
1,1,-1,1,1,1,-1,-1,-1,-1,1,1,-1,-1,1,1,-1,1,1,-1,1,1,-1,1,-1,-1,-1,-1,-1,1,-1,1,1,1,1,-1,-1,-1,-1,1,1,1,-1,-1,1,-1,1,1,-1,-1,-1,1,-1,1,1,-1,-1,1,-1,1,-1,1,1,-1,1,-1,-1,-1,-1,1,1,-1,1,1,-1,1,1,1,-1,1,1,-1,-1,-1,1,-1,1,-1,1,-1,1,1,1,-1,-1,-1,1,-1,-1,-1
-1,1,-1,-1,-1,-1,1,-1,-1,-1,1,-1,1,1,-1,-1,1,1,-1,-1,-1,1,-1,-1,1,1,-1,-1,1,1,1,1,-1,1,1,1,-1,1,1,-1,1,-1,-1,-1,1,1,1,-1,-1,-1,1,-1,-1,1,-1,-1,1,1,1,1,1,1,1,-1,1,1,1,1,-1,1,-1,1,1,-1,-1,-1,-1,-1,1,1,1,-1,-1,-1,-1,-1,-1,1,-1,-1,-1,-1,1,-1,1,1,1,1,-1,-1
-1,1,1,1,-1,1,1,1,1,1,-1,-1,1,1,1,1,1,-1,1,-1,-1,-1,1,-1,1,1,1,1,-1,-1,1,-1,1,-1,-1,1,-1,1,-1,1,-1,-1,1,1,-1,-1,-1,1,-1,-1,-1,-1,1,1,-1,1,1,1,-1,1,1,-1,-1,1,-1,1,1,1,1,-1,-1,-1,-1,1,-1,-1,-1,-1,-1,-1,-1,1,1,-1,1,-1,1,-1,-1,-1,1,1,-1,1,-1,1,-1,-1,1,1
1,1,-1,1,-1,-1,1,1,1,-1,1,1,-1,-1,-1,1,-1,-1,1,1,-1,1,-1,1,-1,-1,1,1,-1,1,-1,-1,-1,1,-1,1,1,-1,-1,-1,-1,1,-1,1,1,-1,1,-1,1,1,-1,1,-1,-1,1,1,-1,-1,-1,-1,-1,1,-1,-1,1,-1,-1,-1,1,1,1,1,1,-1,1,1,1,1,1,1,1,-1,-1,1,-1,-1,-1,1,1,1,-1,1,1,-1,1,-1,-1,1,-1,1
1,-1,-1,-1,1,1,-1,-1,-1,1,1,-1,1,-1,1,-1,1,-1,-1,1,1,1,1,-1,-1,1,-1,1,-1,-1,-1,1,-1,-1,1,1,1,1,1,-1,-1,-1,-1,-1,-1,1,-1,1,-1,-1,1,-1,1,1,-1,-1,1,1,1,1,-1,-1,-1,-1,-1,-1,-1,-1,-1,1,-1,-1,1,1,-1,1,-1,1,-1,-1,-1,1,1,1,1,-1,-1,1,1,-1,1,-1,-1,-1,1,-1,1,-1,1,-1
-1,1,-1,1,1,1,-1,1,1,-1,1,1,1,-1,1,1,-1,-1,-1,1,1,-1,-1,1,-1,-1,-1,-1,1,1,1,-1,1,-1,1,1,1,1,-1,1,1,1,1,-1,-1,-1,1,-1,1,1,1,-1,1,-1,-1,1,-1,-1,1,-1,1,1,1,1,-1,1,1,-1,1,-1,1,1,-1,1,1,-1,1,-1,-1,1,1,1,-1,1,-1,1,-1,-1,1,1,-1,-1,1,1,-1,1,1,-1,1,-1
1,1,1,-1,1,-1,-1,-1,1,1,-1,1,1,1,-1,1,1,-1,1,-1,-1,-1,1,-1,1,1,1,1,1,1,-1,1,1,1,-1,-1,-1,-1,1,1,-1,1,1,1,1,1,-1,1,1,-1,-1,-1,-1,-1,-1,-1,1,1,1,1,-1,-1,-1,-1,-1,1,-1,1,1,1,-1,1,1,-1,1,-1,1,-1,-1,-1,-1,1,-1,-1,-1,-1,1,-1,-1,-1,-1,1,-1,1,-1,-1,-1,1,-1,1
1,-1,-1,-1,-1,-1,1,1,1,1,1,-1,1,1,-1,-1,-1,-1,-1,1,1,1,-1,1,-1,1,1,-1,-1,-1,1,1,-1,1,1,1,1,-1,1,-1,1,-1,-1,-1,-1,-1,1,-1,1,1,-1,-1,-1,1,1,1,-1,-1,1,-1,1,1,1,-1,-1,-1,-1,1,1,-1,-1,-1,1,1,-1,1,-1,1,-1,1,1,-1,1,1,1,1,1,1,1,-1,-1,-1,-1,-1,1,1,1,-1,-1,-1
-1,1,-1,-1,1,1,1,-1,-1,-1,-1,-1,-1,-1,1,-1,-1,1,-1,1,-1,1,-1,-1,-1,-1,-1,1,1,1,-1,1,1,1,-1,-1,1,1,1,-1,-1,-1,-1,-1,1,-1,-1,-1,-1,-1,1,1,1,1,-1,1,1,-1,-1,1,1,-1,1,1,1,1,-1,-1,-1,1,1,-1,-1,1,1,-1,1,-1,1,1,-1,-1,1,-1,1,-1,-1,-1,-1,1,1,-1,1,1,-1,-1,1,1,1,-1
1,1,-1,1,-1,1,1,1,-1,1,-1,1,-1,1,-1,1,-1,-1,1,-1,1,-1,1,1,1,-1,-1,-1,-1,1,-1,1,-1,-1,1,-1,-1,1,-1,1,-1,1,1,1,-1,1,-1,1,1,1,-1,-1,-1,-1,1,-1,-1,1,1,-1,1,1,-1,1,-1,-1,1,-1,1,1,1,1,-1,-1,1,-1,1,1,-1,1,1,-1,-1,-1,1,1,1,-1,1,1,1,1,1,1,1,1,1,-1,1,1
1,1,1,-1,-1,-1,-1,-1,1,-1,-1,1,1,-1,-1,-1,1,-1,1,-1,-1,1,-1,-1,1,-1,-1,-1,-1,-1,1,-1,1,-1,-1,-1,1,-1,1,1,-1,1,-1,1,1,1,1,-1,1,-1,-1,-1,1,-1,-1,-1,-1,-1,1,1,-1,-1,-1,-1,-1,-1,-1,1,1,1,-1,-1,1,-1,1,1,-1,-1,-1,-1,-1,1,-1,-1,-1,-1,-1,-1,-1,-1,1,1,-1,-1,1,1,-1,-1,-1,-1
-1,-1,-1,-1,1,-1,-1,1,1,-1,1,-1,-1,-1,1,-1,1,1,-1,-1,1,-1,1,-1,-1,-1,-1,-1,1,1,-1,1,-1,1,1,-1,1,-1,-1,1,1,-1,-1,1,-1,1,1,1,-1,1,1,1,1,1,1,-1,1,-1,-1,-1,-1,1,1,-1,-1,1,1,-1,-1,-1,1,1,-1,1,1,-1,1,1,-1,-1,-1,1,-1,1,1,1,1,1,1,1,1,-1,-1,1,-1,-1,-1,1,-1,-1
-1,1,1,1,-1,-1,1,1,-1,1,1,1,-1,-1,-1,1,-1,1,1,-1,1,-1,-1,1,1,1,1,1,-1,-1,1,1,-1,-1,-1,1,-1,1,1,-1,1,1,1,-1,-1,-1,1,-1,-1,-1,-1,1,-1,1,1,-1,1,1,1,1,-1,1,-1,1,1,1,1,1,-1,1,-1,-1,-1,-1,-1,1,-1,-1,1,1,1,-1,1,1,-1,-1,-1,-1,1,-1,-1,-1,-1,-1,1,1,-1,1,1,1
-1,-1,-1,-1,-1,1,-1,-1,-1,-1,-1,-1,-1,-1,1,1,-1,-1,-1,-1,1,1,-1,1,1,1,-1,1,-1,1,-1,-1,1,1,1,1,-1,1,-1,1,-1,1,-1,1,1,-1,1,1,1,1,1,-1,-1,-1,1,1,-1,-1,-1,1,-1,1,-1,-1,1,1,1,-1,-1,-1,1,-1,1,1,1,-1,1,-1,1,1,1,-1,-1,1,1,-1,1,1,-1,-1,1,1,-1,1,-1,-1,1,-1,-1,1
1,-1,1,1,-1,-1,1,1,-1,-1,-1,1,1,1,-1,-1,1,1,1,1,1,-1,1,-1,-1,-1,1,-1,1,1,1,-1,-1,1,-1,-1,1,-1,-1,1,1,-1,-1,-1,1,-1,-1,-1,-1,1,1,1,1,-1,-1,-1,1,1,1,-1,1,-1,1,-1,1,-1,-1,1,-1,1,-1,-1,-1,1,-1,1,-1,1,-1,-1,-1,1,-1,-1,-1,1,-1,1,1,1,1,-1,-1,-1,1,1,-1,1,1,-1
1,-1,-1,1,1,1,-1,-1,1,-1,1,1,1,1,1,-1,-1,-1,1,-1,-1,1,1,1,1,-1,-1,1,1,-1,-1,1,1,1,1,1,-1,-1,-1,-1,-1,1,1,-1,1,1,-1,1,1,-1,-1,1,-1,1,-1,-1,1,-1,-1,-1,-1,1,-1,-1,1,1,-1,1,1,1,1,-1,-1,-1,1,-1,-1,-1,1,-1,1,1,1,1,1,-1,1,-1,-1,1,1,1,1,1,1,1,-1,-1,1,-1
-1,1,1,-1,1,1,1,1,1,-1,-1,1,-1,-1,-1,1,1,1,-1,1,-1,-1,-1,-1,-1,1,-1,1,1,1,1,1,-1,-1,1,-1,1,-1,1,1,-1,1,1,-1,-1,1,1,-1,-1,-1,1,-1,1,-1,-1,1,1,1,-1,1,-1,-1,1,1,1,1,1,-1,-1,1,-1,1,1,-1,-1,-1,1,-1,1,-1,-1,-1,1,-1,-1,1,1,1,1,-1,-1,1,-1,1,-1,1,1,1,-1,1
-1,-1,-1,-1,1,-1,-1,1,-1,1,-1,-1,1,1,-1,1,1,-1,1,-1,1,1,1,1,1,1,-1,1,-1,1,-1,-1,1,-1,1,-1,1,-1,-1,-1,1,-1,-1,1,1,-1,-1,1,1,1,-1,-1,1,1,1,1,-1,-1,-1,1,-1,-1,-1,-1,1,-1,-1,1,-1,1,-1,-1,1,1,1,1,-1,1,1,-1,1,1,-1,-1,1,-1,-1,-1,1,-1,1,1,-1,-1,-1,-1,-1,1,-1,-1
1,-1,1,1,-1,1,1,1,1,1,1,1,-1,-1,1,-1,1,-1,1,-1,-1,1,1,1,-1,-1,-1,-1,1,1,-1,1,-1,1,1,1,-1,1,-1,1,1,1,1,-1,-1,-1,-1,-1,1,-1,1,1,1,-1,-1,-1,1,1,1,-1,1,-1,1,1,-1,1,1,-1,-1,-1,1,-1,-1,-1,-1,1,-1,1,-1,1,1,-1,1,1,1,-1,1,1,-1,1,-1,1,-1,1,1,1,1,-1,-1,1
-1,-1,-1,-1,1,1,-1,-1,-1,1,1,1,-1,1,-1,-1,-1,-1,1,1,1,-1,-1,1,-1,1,1,1,1,1,1,-1,1,-1,-1,-1,1,1,1,1,-1,1,1,1,-1,1,1,-1,-1,-1,-1,1,-1,1,-1,-1,-1,1,1,-1,-1,-1,1,1,1,-1,1,-1,-1,-1,1,-1,1,1,1,-1,1,1,-1,1,1,-1,-1,1,1,1,1,-1,-1,-1,-1,-1,1,1,1,-1,1,1,1,-1
-1,1,-1,1,-1,-1,1,-1,-1,-1,-1,-1,1,-1,-1,-1,1,1,-1,1,-1,-1,-1,-1,-1,-1,-1,-1,-1,1,-1,-1,1,1,-1,1,-1,1,-1,1,1,-1,-1,-1,-1,1,1,1,-1,1,-1,-1,-1,1,1,-1,1,-1,-1,-1,-1,-1,-1,-1,1,1,1,1,1,-1,-1,1,-1,1,1,-1,-1,1,1,1,-1,1,1,-1,-1,1,1,1,1,1,-1,1,1,-1,-1,-1,1,-1,-1,1
1,1,-1,1,1,1,-1,1,-1,1,1,1,-1,-1,1,1,-1,-1,1,1,-1,1,-1,-1,1,1,1,1,-1,-1,1,1,-1,1,-1,-1,-1,1,1,1,1,1,-1,1,1,1,-1,-1,1,-1,1,-1,-1,1,-1,1,-1,1,1,1,1,1,1,1,1,1,-1,1,1,1,-1,-1,1,-1,-1,-1,-1,-1,-1,-1,1,-1,1,1,1,-1,-1,1,-1,-1,-1,-1,-1,-1,-1,1,-1,1,1,1
1,-1,-1,-1,1,-1,-1,1,1,-1,-1,-1,1,1,-1,1,1,1,-1,-1,-1,1,-1,1,1,-1,1,-1,-1,1,-1,1,1,1,1,-1,1,1,1,-1,-1,-1,1,-1,-1,-1,1,1,-1,1,1,-1,-1,1,-1,1,-1,-1,-1,-1,-1,-1,-1,-1,-1,-1,1,-1,-1,-1,-1,1,1,1,-1,1,-1,1,-1,1,-1,-1,1,1,1,-1,-1,-1,-1,1,1,1,1,1,1,-1,1,-1,1,1
-1,1,-1,-1,-1,1,1,-1,1,1,1,-1,1,1,1,-1,1,-1,1,-1,1,-1,1,-1,1,1,-1,-1,1,-1,1,-1,1,-1,-1,1,-1,-1,-1,1,1,1,-1,-1,1,-1,-1,-1,1,1,-1,1,1,-1,-1,-1,1,1,1,-1,1,-1,-1,1,-1,-1,-1,-1,-1,1,-1,-1,1,-1,-1,-1,1,-1,1,1,-1,-1,-1,1,-1,-1,1,-1,-1,1,-1,1,-1,-1,1,-1,1,1,1,-1
1,-1,1,-1,-1,-1,1,1,-1,-1,-1,-1,1,-1,-1,-1,-1,1,-1,-1,-1,1,-1,-1,1,1,1,1,1,1,1,1,1,-1,1,-1,-1,1,-1,-1,-1,-1,-1,1,-1,1,1,1,1,-1,-1,1,1,1,1,1,1,-1,-1,1,1,1,1,1,-1,1,-1,1,1,-1,1,1,-1,1,1,1,-1,-1,-1,1,1,-1,-1,-1,1,-1,1,-1,-1,-1,1,-1,1,1,1,-1,1,1,-1,-1
-1,-1,1,1,1,1,1,1,-1,-1,-1,1,-1,-1,1,1,-1,1,1,1,1,1,-1,-1,1,1,-1,-1,-1,1,-1,1,1,1,1,1,1,-1,1,-1,1,-1,1,-1,1,-1,-1,1,-1,1,1,-1,-1,-1,-1,1,-1,-1,1,-1,-1,-1,1,-1,1,1,1,-1,1,1,1,-1,1,-1,-1,1,-1,1,1,1,-1,1,-1,-1,1,1,-1,-1,-1,1,-1,-1,-1,1,-1,1,-1,-1,-1,-1
1,1,1,-1,1,1,-1,-1,1,1,-1,-1,-1,-1,1,-1,1,-1,-1,-1,1,-1,-1,1,1,-1,1,-1,1,-1,1,-1,-1,-1,1,1,1,1,1,1,-1,1,-1,-1,-1,-1,1,1,-1,1,-1,1,1,-1,1,-1,-1,-1,-1,-1,1,1,-1,-1,-1,-1,-1,1,-1,1,-1,1,1,1,-1,-1,1,1,-1,-1,-1,1,1,-1,1,1,1,-1,1,-1,1,1,1,-1,1,1,1,1,1,1
1,-1,-1,1,-1,1,1,-1,1,-1,1,1,1,1,-1,1,-1,-1,-1,1,-1,1,-1,-1,1,-1,-1,1,-1,1,1,-1,1,1,-1,-1,1,-1,1,1,1,-1,-1,-1,1,-1,1,-1,1,-1,-1,-1,-1,-1,1,1,-1,-1,1,1,-1,-1,1,1,1,-1,1,-1,-1,-1,-1,-1,1,1,1,-1,-1,1,-1,-1,-1,-1,-1,1,1,1,-1,1,-1,1,1,1,-1,1,-1,1,-1,-1,1,1
-1,-1,1,1,1,-1,-1,1,-1,-1,1,1,-1,-1,-1,1,1,-1,-1,-1,1,-1,-1,1,-1,1,-1,1,-1,1,-1,1,-1,1,1,1,-1,-1,1,1,1,1,1,1,-1,1,1,1,1,-1,1,-1,1,1,1,-1,1,1,1,-1,-1,1,1,1,1,1,-1,1,1,1,1,1,1,1,1,1,-1,-1,1,-1,1,1,-1,-1,-1,-1,1,1,1,-1,-1,-1,-1,-1,-1,-1,-1,1,1,-1
-1,-1,1,-1,1,1,-1,-1,-1,1,1,-1,-1,1,1,-1,1,1,-1,-1,-1,-1,1,1,-1,-1,-1,-1,-1,-1,-1,1,1,-1,-1,-1,-1,-1,-1,-1,-1,1,-1,-1,-1,-1,-1,1,-1,1,-1,-1,1,1,1,-1,1,-1,-1,-1,1,1,-1,1,1,1,-1,-1,1,-1,1,-1,1,-1,1,-1,1,1,1,1,-1,-1,1,-1,1,1,1,-1,1,-1,1,1,-1,1,-1,1,-1,-1,-1,-1
1,-1,1,1,1,-1,1,1,1,1,-1,1,1,1,1,1,-1,-1,1,-1,1,1,1,-1,-1,1,-1,1,-1,1,-1,-1,-1,-1,1,-1,1,1,-1,-1,-1,-1,1,1,-1,1,1,-1,1,1,-1,-1,-1,-1,1,-1,1,1,1,-1,-1,-1,1,-1,1,-1,1,1,-1,-1,-1,1,1,-1,1,1,-1,1,1,-1,1,1,1,1,-1,-1,1,-1,-1,-1,-1,-1,1,-1,1,1,1,1,1,-1
1,1,-1,1,-1,-1,1,-1,-1,-1,-1,-1,-1,-1,-1,1,1,1,-1,1,-1,1,-1,-1,1,-1,1,1,1,1,1,-1,-1,1,-1,-1,-1,-1,1,1,1,1,-1,1,1,-1,-1,-1,-1,-1,1,-1,-1,1,1,1,1,-1,1,-1,1,-1,1,1,1,1,1,1,1,1,1,-1,-1,1,-1,-1,-1,-1,-1,1,-1,1,-1,-1,-1,1,-1,1,1,-1,1,1,-1,-1,-1,-1,1,-1,-1,1
1,1,-1,1,1,-1,-1,-1,1,1,1,-1,1,1,1,1,-1,1,1,1,1,-1,1,1,1,1,1,-1,-1,-1,1,1,-1,-1,1,1,-1,1,-1,-1,-1,1,-1,-1,1,-1,-1,-1,-1,-1,1,1,1,-1,-1,-1,1,1,-1,1,-1,1,1,1,-1,-1,1,1,1,1,-1,1,-1,-1,1,1,1,-1,-1,-1,-1,1,-1,1,1,1,-1,-1,-1,1,-1,-1,1,1,1,1,-1,1,1,-1
-1,-1,1,-1,-1,-1,1,-1,-1,-1,1,1,-1,-1,-1,1,-1,-1,-1,-1,-1,-1,1,1,-1,-1,-1,1,-1,1,-1,1,1,-1,-1,1,1,1,1,1,1,1,-1,-1,-1,1,-1,-1,1,1,-1,-1,1,-1,1,1,-1,1,-1,-1,-1,-1,-1,1,-1,1,-1,-1,-1,-1,-1,1,-1,1,1,-1,-1,-1,-1,1,-1,-1,1,1,1,-1,1,1,1,1,1,1,-1,-1,-1,1,1,1,1,1
1,-1,-1,-1,-1,1,-1,-1,-1,1,-1,-1,-1,1,-1,1,1,-1,1,1,1,1,-1,-1,1,1,1,1,1,-1,1,-1,1,1,1,-1,1,-1,-1,-1,-1,-1,1,1,-1,1,1,1,-1,1,1,-1,1,1,1,-1,-1,-1,-1,1,1,-1,1,-1,1,-1,1,1,-1,1,1,1,-1,-1,-1,-1,1,1,1,-1,-1,1,1,1,-1,1,-1,-1,1,-1,-1,1,1,1,1,1,-1,-1,-1,-1
1,-1,1,-1,1,1,1,1,1,-1,-1,1,1,1,1,1,-1,1,-1,1,-1,-1,1,-1,1,-1,1,-1,-1,1,-1,1,1,-1,-1,1,-1,-1,-1,1,-1,1,1,-1,1,-1,-1,-1,1,-1,-1,1,-1,1,-1,1,-1,1,-1,-1,1,1,-1,1,-1,1,-1,-1,1,1,-1,1,1,-1,1,1,1,-1,-1,-1,-1,-1,-1,-1,1,1,-1,1,-1,1,-1,-1,1,-1,1,-1,-1,-1,1,1
-1,1,-1,1,1,1,-1,-1,-1,1,-1,1,1,-1,-1,1,1,-1,-1,-1,1,-1,-1,-1,-1,1,-1,-1,1,1,1,-1,-1,1,1,-1,-1,-1,-1,1,1,1,-1,-1,-1,-1,-1,1,1,-1,-1,-1,-1,1,-1,1,1,1,1,1,1,1,1,-1,1,-1,1,-1,1,-1,1,-1,-1,-1,-1,-1,-1,-1,-1,-1,1,-1,-1,1,1,-1,1,-1,1,-1,-1,-1,-1,1,-1,1,1,-1,1,-1
-1,-1,1,1,1,-1,1,1,1,-1,-1,-1,1,-1,-1,-1,1,1,1,1,1,-1,1,-1,1,1,-1,1,-1,1,1,1,1,-1,-1,-1,-1,-1,-1,1,-1,1,1,-1,1,1,1,-1,1,-1,-1,1,1,1,1,1,-1,1,-1,1,1,1,-1,-1,-1,1,1,1,-1,1,-1,-1,-1,1,1,1,-1,1,1,-1,-1,1,-1,1,1,-1,-1,-1,1,-1,1,1,1,1,-1,1,1,-1,1,1
-1,1,1,-1,-1,1,-1,-1,1,1,-1,1,-1,1,1,1,-1,1,1,-1,-1,1,1,-1,-1,1,1,-1,1,1,1,1,1,-1,-1,1,1,-1,1,1,-1,1,1,1,1,1,-1,1,-1,1,1,-1,1,-1,1,1,1,-1,1,-1,-1,-1,1,1,1,1,-1,1,1,-1,1,1,1,1,1,-1,1,-1,1,1,1,-1,1,-1,-1,-1,1,-1,1,1,-1,-1,-1,1,1,-1,-1,1,-1,1
1,-1,1,-1,1,-1,1,1,-1,-1,1,-1,1,1,-1,-1,1,-1,1,-1,1,-1,-1,1,-1,-1,-1,-1,1,-1,-1,-1,-1,1,-1,-1,-1,1,-1,-1,1,-1,-1,-1,1,-1,1,-1,-1,1,-1,-1,1,-1,1,-1,1,1,-1,1,-1,1,1,1,-1,-1,-1,-1,-1,1,1,-1,-1,-1,-1,1,-1,1,-1,-1,1,-1,-1,1,-1,-1,1,1,1,-1,-1,-1,-1,-1,-1,1,1,-1,-1,-1
1,1,1,-1,-1,1,-1,1,-1,1,1,1,-1,1,-1,1,1,1,1,-1,-1,1,-1,-1,-1,1,1,-1,-1,-1,-1,1,1,-1,1,1,1,1,-1,1,-1,1,1,1,-1,-1,-1,1,-1,1,1,1,-1,-1,1,1,-1,-1,1,-1,-1,1,-1,-1,-1,1,-1,1,-1,-1,1,1,1,-1,-1,-1,-1,-1,-1,-1,-1,-1,-1,-1,1,1,1,1,-1,1,1,-1,1,-1,-1,1,1,1,-1,1
-1,-1,-1,-1,1,-1,-1,-1,-1,-1,-1,-1,1,-1,1,1,-1,-1,-1,1,1,1,-1,1,-1,1,-1,-1,1,-1,-1,-1,1,-1,-1,-1,-1,1,-1,-1,1,-1,-1,1,-1,1,1,-1,1,-1,1,1,-1,1,-1,-1,-1,1,-1,1,1,1,-1,-1,1,-1,1,-1,1,1,1,-1,-1,1,-1,1,1,1,1,1,1,-1,1,-1,-1,1,1,-1,-1,1,1,-1,-1,1,1,-1,1,1,-1,-1
-1,-1,1,1,1,1,1,-1,-1,1,1,-1,-1,1,1,-1,1,1,1,1,-1,-1,-1,1,-1,1,-1,1,-1,-1,1,1,-1,-1,-1,1,1,-1,1,1,1,-1,1,1,1,-1,1,1,-1,1,-1,-1,-1,-1,1,-1,1,-1,1,-1,1,-1,1,1,1,-1,1,1,-1,1,1,-1,1,-1,1,1,-1,-1,1,1,-1,1,-1,-1,-1,1,1,-1,1,-1,1,1,1,-1,-1,-1,-1,1,-1,-1
1,-1,1,1,1,-1,1,1,1,-1,1,1,1,-1,1,1,-1,1,1,-1,1,1,-1,-1,1,1,1,-1,-1,1,1,-1,1,1,1,1,1,1,-1,-1,-1,1,-1,-1,1,-1,1,1,1,-1,1,1,1,-1,1,1,1,1,1,1,-1,-1,-1,-1,-1,1,1,1,1,-1,-1,1,-1,1,-1,1,1,-1,1,-1,1,1,1,1,1,-1,-1,1,-1,-1,-1,-1,-1,1,-1,-1,1,1,1,-1
1,1,-1,-1,1,1,1,1,1,1,-1,-1,-1,-1,-1,1,1,-1,1,1,1,1,-1,-1,1,-1,-1,1,1,-1,1,-1,1,-1,1,-1,-1,-1,1,1,1,-1,-1,-1,-1,1,1,1,1,1,1,1,-1,1,1,-1,-1,-1,1,1,-1,1,1,1,-1,1,-1,-1,-1,1,-1,1,1,-1,-1,-1,1,1,1,1,1,-1,1,1,-1,1,1,-1,-1,-1,-1,1,1,-1,-1,-1,-1,-1,1,1
-1,-1,1,-1,1,1,-1,-1,-1,-1,1,1,1,1,1,-1,1,-1,1,-1,-1,1,1,1,1,1,-1,-1,-1,1,-1,1,-1,-1,-1,1,1,-1,-1,-1,1,1,1,1,1,-1,1,1,-1,1,-1,1,1,-1,-1,-1,-1,1,-1,-1,1,-1,-1,-1,1,-1,-1,-1,-1,1,1,1,-1,1,-1,1,1,-1,-1,-1,-1,-1,-1,-1,1,-1,1,-1,-1,1,1,-1,1,1,1,-1,-1,-1,-1,-1
-1,1,-1,-1,1,1,1,-1,-1,-1,1,1,-1,1,1,1,1,1,-1,1,1,-1,-1,1,-1,-1,-1,1,1,-1,1,1,1,-1,-1,-1,-1,-1,1,1,1,1,-1,1,1,1,1,1,1,1,1,-1,1,1,-1,1,-1,-1,1,-1,-1,-1,-1,-1,1,1,1,1,1,1,-1,-1,1,-1,1,1,1,1,1,1,1,1,-1,1,1,1,-1,1,1,1,-1,1,-1,1,1,-1,-1,-1,1,1
1,1,-1,1,-1,-1,-1,1,-1,1,-1,-1,1,-1,-1,1,1,1,1,-1,-1,-1,-1,1,1,1,-1,-1,1,1,-1,-1,-1,1,1,1,-1,1,-1,-1,-1,1,1,-1,-1,-1,1,-1,-1,-1,1,1,-1,-1,-1,-1,-1,1,-1,-1,-1,-1,1,1,-1,-1,1,1,-1,-1,-1,1,-1,1,1,-1,-1,-1,-1,1,1,-1,-1,-1,-1,-1,-1,1,1,-1,1,1,-1,-1,-1,1,1,1,-1,-1
1,1,1,1,1,-1,1,1,1,1,1,-1,-1,-1,1,1,-1,-1,1,1,1,1,-1,-1,1,-1,1,1,1,-1,-1,1,1,1,-1,-1,1,1,-1,1,1,-1,1,-1,-1,1,-1,-1,1,-1,-1,1,-1,1,1,-1,-1,-1,1,1,1,1,-1,1,-1,-1,-1,-1,-1,1,-1,-1,1,-1,1,1,1,1,1,1,-1,1,-1,1,1,1,1,-1,-1,1,-1,1,1,-1,1,1,1,-1,-1,1
-1,1,-1,1,-1,1,-1,-1,1,-1,-1,1,1,1,1,1,1,1,-1,1,1,-1,1,1,-1,1,-1,-1,-1,1,1,-1,-1,1,-1,1,1,1,1,-1,-1,1,1,1,1,-1,1,1,-1,1,-1,1,1,-1,-1,-1,-1,1,1,1,-1,-1,1,1,1,1,1,1,1,1,1,-1,1,-1,-1,-1,1,-1,-1,-1,-1,1,1,1,1,1,-1,-1,1,1,-1,1,-1,-1,1,-1,1,1,1,-1
-1,-1,-1,-1,1,1,1,1,1,-1,-1,-1,-1,-1,-1,1,-1,1,1,1,-1,1,1,-1,1,-1,1,-1,1,-1,1,-1,1,-1,1,-1,-1,1,-1,1,1,-1,-1,-1,1,1,-1,1,1,1,-1,1,1,1,-1,1,1,-1,-1,-1,-1,1,-1,-1,-1,-1,1,-1,1,1,-1,-1,1,1,1,1,-1,1,-1,-1,1,-1,1,1,-1,1,1,1,1,-1,-1,-1,1,-1,-1,1,1,1,-1,-1
-1,-1,-1,-1,1,-1,-1,1,1,1,-1,-1,-1,1,-1,-1,-1,1,1,-1,-1,-1,1,1,-1,-1,-1,-1,-1,-1,-1,1,-1,1,-1,-1,1,-1,-1,-1,1,-1,1,-1,1,1,1,-1,1,-1,-1,-1,-1,-1,1,-1,1,-1,1,-1,1,1,1,1,1,-1,-1,-1,1,-1,1,1,1,-1,1,-1,-1,-1,1,-1,-1,-1,-1,-1,1,-1,-1,-1,1,1,1,1,-1,1,1,1,-1,-1,1,1
1,-1,1,-1,-1,-1,1,-1,-1,1,1,1,1,-1,-1,1,1,-1,1,-1,1,1,1,-1,-1,1,-1,1,1,1,-1,1,1,-1,1,1,1,1,-1,1,-1,1,1,1,1,1,1,-1,1,1,1,-1,1,-1,1,1,-1,1,1,1,-1,1,-1,-1,-1,1,1,-1,1,1,-1,1,-1,1,-1,-1,1,1,-1,1,-1,-1,1,-1,-1,-1,-1,1,-1,1,1,1,1,1,-1,-1,1,1,-1,1
1,-1,-1,-1,1,1,-1,-1,1,-1,-1,-1,1,1,1,1,-1,1,-1,-1,1,-1,-1,1,1,1,1,-1,-1,1,1,-1,1,-1,1,-1,1,-1,-1,-1,1,-1,-1,-1,1,-1,1,-1,-1,1,-1,1,-1,1,1,1,1,1,-1,1,-1,-1,-1,-1,-1,-1,1,1,-1,-1,1,1,1,-1,1,-1,1,-1,1,1,-1,-1,-1,1,1,1,1,1,1,-1,-1,-1,-1,-1,1,1,1,1,-1,1
1,-1,-1,-1,-1,1,-1,-1,-1,-1,1,-1,-1,-1,1,-1,-1,-1,1,1,1,1,1,-1,-1,-1,-1,1,1,1,1,1,1,1,1,-1,1,1,1,-1,-1,1,-1,-1,-1,-1,-1,-1,-1,-1,1,1,1,-1,-1,-1,-1,1,1,-1,1,1,1,-1,1,-1,-1,-1,1,1,-1,1,-1,-1,1,-1,1,-1,-1,-1,-1,1,1,1,-1,-1,-1,-1,1,-1,1,-1,1,1,1,1,-1,-1,1,1
-1,1,1,1,-1,-1,1,-1,1,-1,1,1,-1,-1,-1,1,1,1,-1,-1,-1,-1,-1,1,1,1,1,-1,-1,1,1,-1,-1,-1,1,1,-1,1,1,1,1,-1,1,-1,-1,-1,1,1,1,-1,-1,-1,-1,1,1,-1,-1,-1,1,1,1,1,-1,-1,-1,1,1,-1,1,1,-1,-1,-1,1,1,1,-1,1,-1,1,-1,1,-1,1,-1,-1,1,-1,1,1,-1,-1,-1,-1,1,1,1,1,-1,-1
1,-1,-1,1,-1,1,1,-1,1,1,1,-1,-1,1,-1,1,1,-1,1,1,1,-1,1,-1,-1,-1,1,1,1,1,-1,-1,-1,-1,-1,-1,1,-1,1,-1,-1,-1,-1,1,1,1,-1,1,1,1,1,1,1,-1,-1,-1,1,1,-1,-1,1,1,1,-1,-1,-1,1,1,-1,1,1,-1,1,-1,1,1,1,-1,1,-1,1,-1,-1,-1,-1,-1,-1,-1,-1,-1,1,1,-1,1,-1,-1,1,-1,1,-1
-1,1,1,-1,1,1,1,1,-1,-1,-1,-1,1,1,1,-1,-1,-1,-1,-1,-1,1,-1,1,-1,-1,-1,1,1,1,1,1,1,1,1,1,-1,-1,1,-1,-1,1,1,-1,-1,1,-1,1,-1,-1,-1,-1,-1,1,-1,1,1,-1,1,1,-1,-1,-1,1,1,1,1,-1,1,-1,1,1,1,1,-1,-1,-1,-1,1,1,1,1,1,-1,-1,1,1,1,-1,1,-1,-1,1,1,-1,1,-1,-1,1,-1
1,-1,1,-1,1,-1,-1,-1,1,1,1,1,1,-1,1,-1,1,-1,-1,-1,1,-1,-1,1,1,1,-1,-1,-1,-1,1,1,1,-1,1,-1,1,1,-1,1,-1,-1,-1,-1,-1,-1,1,-1,1,-1,-1,-1,-1,-1,1,1,-1,1,-1,-1,-1,1,1,1,1,1,-1,1,-1,1,-1,1,-1,-1,-1,1,-1,1,1,1,-1,-1,-1,1,1,1,1,-1,1,1,1,1,-1,1,-1,-1,-1,1,1,-1
-1,-1,-1,1,-1,1,-1,1,-1,-1,-1,1,1,1,-1,1,1,1,-1,-1,-1,-1,-1,-1,1,1,1,1,1,1,1,1,1,1,1,1,-1,1,-1,-1,1,-1,1,1,1,1,-1,1,-1,-1,1,1,-1,-1,1,-1,1,-1,-1,1,1,-1,1,-1,-1,-1,1,1,-1,1,1,-1,-1,1,1,-1,-1,1,1,1,-1,-1,1,1,1,1,-1,1,1,-1,1,-1,-1,-1,1,1,1,-1,1,1
1,-1,-1,1,-1,1,-1,-1,1,-1,1,1,-1,-1,1,1,1,-1,1,-1,1,1,1,1,1,-1,1,-1,-1,-1,-1,-1,-1,1,-1,-1,1,-1,-1,-1,-1,-1,-1,-1,1,-1,-1,-1,-1,1,1,1,-1,-1,-1,1,-1,1,-1,-1,1,1,-1,1,-1,1,1,1,1,-1,-1,1,1,-1,1,-1,1,1,1,-1,1,1,1,-1,-1,-1,-1,1,-1,1,-1,1,-1,1,-1,1,-1,1,-1,-1
-1,1,1,-1,1,-1,1,-1,-1,1,-1,-1,-1,1,-1,-1,-1,1,-1,1,-1,-1,1,1,1,1,1,-1,1,1,1,-1,1,-1,1,1,-1,1,1,1,1,1,1,-1,-1,1,-1,1,-1,-1,-1,-1,-1,1,-1,1,1,1,1,1,-1,-1,-1,-1,1,1,-1,1,-1,-1,-1,1,1,1,-1,-1,-1,-1,1,1,-1,1,1,-1,-1,-1,-1,-1,1,-1,1,-1,-1,1,-1,-1,1,-1,-1,1
1,1,-1,1,1,1,-1,-1,1,-1,1,-1,-1,-1,-1,-1,-1,1,1,1,1,1,1,-1,-1,-1,1,1,-1,1,1,1,-1,1,1,-1,1,1,-1,1,1,1,-1,1,1,-1,1,-1,1,1,-1,1,-1,-1,-1,-1,1,-1,1,1,-1,1,-1,1,1,-1,1,-1,1,1,-1,-1,-1,-1,-1,-1,1,-1,-1,1,1,1,1,-1,1,1,-1,1,-1,-1,-1,1,1,-1,1,-1,-1,1,-1,1
1,1,-1,-1,-1,-1,-1,1,-1,-1,1,1,1,1,1,1,1,-1,1,-1,-1,-1,1,1,-1,1,1,1,-1,-1,1,1,1,1,-1,-1,1,-1,1,-1,1,-1,-1,1,-1,1,1,-1,1,1,1,1,1,1,1,-1,1,1,-1,1,-1,-1,1,-1,-1,-1,1,1,1,-1,1,-1,-1,-1,1,-1,1,1,-1,-1,1,1,-1,-1,1,1,-1,-1,1,1,-1,-1,1,1,-1,-1,-1,1,1,-1
1,1,1,1,-1,-1,1,-1,-1,1,-1,1,1,1,-1,-1,1,-1,-1,-1,1,1,1,1,-1,-1,1,-1,1,-1,-1,1,-1,-1,1,1,-1,1,-1,-1,-1,-1,1,-1,-1,1,1,1,-1,-1,-1,-1,-1,1,1,-1,1,-1,1,-1,1,-1,1,1,1,1,-1,1,-1,1,-1,1,1,1,1,1,-1,-1,1,1,-1,-1,1,-1,1,-1,1,-1,-1,1,1,1,-1,1,-1,1,-1,1,1,1
-1,-1,1,1,1,-1,1,1,1,-1,1,1,1,-1,1,1,1,-1,1,1,1,1,-1,-1,-1,1,-1,1,-1,1,-1,-1,1,1,1,-1,-1,-1,-1,1,1,1,-1,-1,1,1,1,1,1,1,1,-1,-1,1,-1,1,-1,1,-1,1,1,1,-1,1,1,1,1,1,-1,1,1,-1,1,-1,1,-1,-1,-1,1,-1,1,-1,-1,1,-1,-1,-1,1,1,1,1,-1,-1,-1,-1,-1,1,-1,-1,1
1,1,-1,-1,-1,1,-1,1,-1,-1,-1,-1,-1,1,-1,-1,1,1,-1,-1,-1,-1,-1,1,1,1,-1,1,1,-1,1,-1,-1,1,-1,1,-1,1,-1,-1,-1,1,-1,1,-1,-1,-1,1,-1,1,-1,-1,1,-1,1,1,1,-1,1,1,-1,1,-1,-1,-1,1,-1,-1,1,-1,-1,1,1,1,1,-1,-1,-1,1,1,-1,1,1,-1,-1,1,1,-1,1,-1,1,-1,1,1,-1,1,1,-1,-1,1
-1,-1,1,-1,1,-1,1,-1,-1,1,-1,1,1,-1,1,1,-1,-1,1,1,-1,-1,1,-1,-1,-1,1,-1,1,-1,-1,-1,-1,-1,1,1,1,1,-1,-1,1,1,-1,-1,-1,-1,1,-1,1,1,1,1,-1,1,-1,-1,1,-1,1,1,1,1,1,-1,1,1,-1,-1,1,1,-1,1,-1,1,-1,1,1,-1,1,1,1,1,-1,1,-1,1,-1,1,1,-1,-1,-1,-1,-1,1,-1,-1,1,1,1
1,-1,-1,-1,-1,1,1,-1,1,-1,1,1,-1,-1,-1,-1,1,-1,-1,1,-1,-1,-1,1,1,-1,1,1,-1,1,1,-1,1,-1,-1,-1,-1,-1,1,1,1,-1,1,-1,1,1,-1,-1,1,-1,-1,1,-1,-1,1,1,-1,1,-1,1,1,1,1,1,-1,-1,1,1,1,1,1,1,1,1,-1,-1,1,1,-1,1,-1,-1,1,1,1,1,1,-1,-1,1,1,-1,1,1,-1,1,1,-1,-1,1
-1,-1,-1,1,1,1,-1,1,-1,-1,1,1,-1,1,1,-1,1,-1,1,-1,1,1,-1,1,-1,1,-1,1,1,1,-1,-1,1,-1,1,-1,-1,-1,1,1,-1,1,-1,1,1,1,1,-1,1,-1,1,1,1,-1,1,-1,1,1,1,1,-1,-1,-1,1,1,1,-1,1,-1,1,1,-1,1,-1,1,1,-1,-1,-1,1,1,1,-1,1,-1,-1,1,1,1,-1,1,1,1,1,-1,-1,1,1,-1,1
-1,-1,1,-1,-1,-1,-1,1,-1,-1,-1,-1,-1,-1,-1,-1,-1,1,-1,1,-1,1,1,-1,-1,-1,1,-1,-1,-1,1,-1,-1,-1,-1,1,1,1,1,1,-1,1,1,-1,-1,-1,1,1,1,-1,1,-1,-1,1,-1,1,1,-1,1,-1,1,1,1,-1,-1,-1,1,-1,-1,-1,-1,1,-1,1,-1,1,1,1,1,1,-1,1,-1,-1,-1,-1,-1,-1,-1,1,-1,1,1,1,1,-1,-1,-1,1,1
1,-1,-1,1,1,1,-1,1,-1,-1,-1,-1,1,1,1,-1,1,1,-1,1,-1,1,1,-1,1,-1,1,1,-1,-1,-1,1,1,1,1,-1,-1,1,1,1,1,-1,-1,-1,-1,1,-1,-1,-1,1,1,-1,-1,-1,1,-1,1,-1,-1,1,1,-1,-1,1,1,1,-1,1,1,1,1,-1,1,1,1,-1,-1,-1,1,-1,-1,1,1,1,1,-1,1,1,-1,-1,-1,1,-1,-1,-1,-1,1,1,-1,-1
-1,1,1,-1,-1,-1,-1,-1,1,1,1,1,-1,1,-1,-1,1,-1,1,-1,1,-1,1,1,1,1,1,1,-1,1,1,-1,1,-1,-1,-1,-1,-1,-1,-1,1,-1,1,1,1,1,1,1,1,-1,-1,1,-1,1,-1,1,-1,1,-1,-1,-1,-1,1,-1,-1,-1,1,1,-1,-1,-1,1,-1,1,1,-1,1,1,-1,-1,1,-1,1,1,-1,1,1,-1,1,1,1,-1,-1,-1,1,-1,1,-1,1,1
1,1,1,1,-1,-1,-1,-1,-1,1,1,1,1,-1,1,1,-1,-1,1,-1,-1,1,1,-1,1,-1,-1,1,-1,-1,-1,1,1,-1,1,1,1,1,1,-1,-1,1,1,-1,1,-1,1,-1,-1,1,1,1,-1,-1,-1,-1,1,1,1,-1,1,1,-1,-1,-1,-1,1,-1,1,1,1,-1,-1,-1,-1,1,1,-1,1,-1,-1,-1,-1,-1,1,1,-1,1,1,1,1,-1,1,-1,-1,-1,-1,1,-1,-1
1,1,-1,-1,1,1,1,1,-1,-1,-1,-1,1,-1,-1,-1,1,1,1,1,-1,-1,-1,1,-1,1,1,1,1,1,-1,-1,-1,1,1,-1,-1,1,-1,1,1,1,-1,1,-1,-1,-1,1,-1,1,1,-1,1,-1,1,1,-1,-1,1,-1,1,-1,1,1,1,1,-1,-1,-1,-1,-1,-1,1,1,-1,1,1,1,-1,1,1,-1,-1,-1,1,-1,-1,1,-1,-1,1,1,1,1,1,-1,-1,-1,1,-1
-1,1,1,-1,1,-1,1,1,1,-1,1,1,-1,1,1,-1,-1,1,1,-1,-1,1,1,-1,-1,-1,1,1,-1,1,1,-1,-1,1,-1,-1,1,1,1,1,-1,-1,1,1,1,1,-1,-1,-1,-1,-1,-1,-1,1,-1,1,1,-1,1,1,-1,1,1,1,1,-1,-1,1,-1,1,1,1,-1,-1,-1,-1,-1,-1,1,1,-1,-1,1,1,1,-1,-1,-1,-1,1,-1,-1,-1,-1,1,1,-1,-1,-1,-1
-1,-1,-1,1,-1,1,-1,1,1,-1,-1,1,1,1,1,-1,-1,-1,-1,1,1,1,-1,1,1,1,1,-1,1,-1,1,1,1,-1,1,1,-1,-1,1,1,1,1,1,-1,1,-1,1,1,-1,1,1,-1,1,-1,1,-1,-1,-1,-1,-1,1,-1,-1,1,-1,-1,-1,-1,-1,-1,1,1,-1,-1,1,-1,1,-1,-1,-1,-1,1,1,1,-1,1,1,1,-1,-1,-1,1,-1,1,1,-1,-1,-1,1,-1
1,-1,-1,-1,-1,1,-1,1,-1,1,-1,1,-1,-1,-1,1,1,-1,1,-1,-1,1,-1,1,-1,-1,-1,1,1,-1,-1,1,1,-1,1,1,-1,-1,1,1,1,-1,-1,-1,-1,-1,-1,-1,1,1,-1,-1,-1,1,-1,-1,-1,-1,-1,-1,-1,1,1,-1,1,1,-1,-1,1,-1,1,-1,1,1,-1,-1,-1,1,-1,-1,1,1,-1,1,1,-1,-1,-1,1,1,-1,-1,1,1,-1,-1,-1,1,-1,1
-1,1,1,1,1,-1,-1,-1,-1,1,1,1,1,1,1,1,-1,1,-1,-1,1,1,-1,-1,-1,-1,-1,-1,-1,1,1,-1,1,1,1,-1,1,1,1,-1,1,-1,1,-1,1,1,-1,1,1,-1,-1,1,1,1,1,1,1,1,1,-1,1,-1,-1,-1,1,-1,1,1,1,-1,1,1,-1,-1,1,-1,1,1,1,1,1,-1,-1,-1,-1,-1,-1,1,1,1,1,1,1,-1,1,1,1,1,-1,1
1,-1,-1,-1,-1,1,1,-1,1,-1,1,-1,-1,1,1,-1,-1,-1,1,1,-1,-1,1,-1,-1,-1,1,1,-1,1,1,1,-1,-1,1,1,-1,-1,-1,1,-1,1,-1,1,1,-1,1,1,1,-1,-1,-1,1,-1,-1,1,1,-1,-1,1,1,1,-1,1,-1,-1,1,-1,-1,1,1,1,1,1,1,1,1,1,1,-1,1,-1,1,1,-1,1,1,-1,1,1,-1,-1,1,1,-1,-1,-1,-1,1,-1
-1,1,-1,-1,1,1,1,1,1,1,-1,1,1,1,-1,-1,-1,1,-1,-1,1,-1,-1,1,-1,-1,-1,1,1,1,-1,-1,-1,1,-1,-1,1,-1,-1,-1,-1,1,-1,1,-1,1,1,-1,1,1,-1,1,-1,1,1,-1,-1,1,-1,1,-1,-1,1,1,1,1,-1,1,1,1,-1,1,-1,1,-1,-1,-1,1,-1,1,1,-1,-1,-1,-1,-1,1,1,1,-1,1,-1,-1,1,1,-1,-1,1,1,1
1,-1,-1,1,-1,-1,-1,-1,-1,-1,1,1,-1,-1,1,1,1,1,1,-1,1,1,-1,-1,1,1,-1,-1,1,-1,-1,-1,-1,1,1,1,-1,1,1,1,1,-1,-1,-1,1,-1,-1,1,1,-1,1,1,-1,1,-1,1,-1,-1,-1,1,1,-1,1,-1,-1,-1,1,1,1,-1,-1,-1,-1,1,1,1,-1,-1,1,-1,-1,1,1,-1,-1,-1,-1,-1,-1,1,1,1,-1,-1,1,1,1,1,-1,-1
-1,1,-1,1,1,1,1,1,1,-1,-1,-1,1,-1,1,1,-1,-1,1,1,-1,-1,1,-1,-1,-1,1,-1,-1,1,1,1,1,-1,1,1,-1,-1,-1,1,1,1,-1,-1,1,1,-1,-1,-1,1,-1,-1,1,-1,1,-1,1,-1,1,1,1,1,-1,1,1,1,-1,-1,-1,1,1,1,1,-1,-1,1,1,-1,-1,-1,-1,1,-1,1,-1,-1,1,1,1,1,-1,1,1,1,1,1,1,-1,1,-1
-1,-1,1,-1,-1,-1,-1,1,-1,1,-1,1,1,-1,1,1,1,1,-1,1,1,-1,-1,-1,-1,1,1,1,-1,-1,1,1,1,-1,1,-1,1,1,1,-1,-1,1,1,1,1,-1,1,1,1,1,-1,-1,1,-1,-1,-1,1,1,1,1,1,1,-1,1,-1,1,1,1,1,-1,1,-1,-1,1,1,-1,-1,-1,1,-1,1,1,1,1,1,1,1,-1,-1,1,1,-1,-1,-1,-1,-1,1,-1,-1,-1
-1,-1,1,1,-1,1,-1,-1,1,1,-1,-1,-1,1,-1,-1,-1,-1,-1,-1,1,-1,1,1,1,-1,1,1,-1,1,-1,-1,-1,1,1,-1,-1,-1,1,1,1,-1,-1,1,-1,-1,-1,1,-1,-1,1,-1,-1,-1,1,1,1,1,-1,-1,1,-1,1,-1,-1,1,1,-1,-1,-1,-1,1,-1,-1,-1,1,-1,1,-1,-1,-1,-1,-1,1,-1,1,-1,-1,-1,-1,-1,1,-1,1,1,1,-1,1,-1,1
1,-1,-1,-1,1,1,1,1,1,-1,-1,-1,-1,-1,-1,-1,-1,-1,1,1,1,-1,1,-1,-1,-1,-1,-1,1,-1,1,-1,-1,1,1,1,1,-1,1,1,1,-1,-1,-1,-1,-1,1,-1,1,-1,1,-1,-1,-1,-1,1,-1,-1,1,-1,-1,-1,-1,-1,1,-1,-1,1,1,1,-1,1,1,1,1,-1,-1,-1,1,1,1,1,1,1,-1,-1,1,1,1,1,1,1,1,1,-1,1,1,1,1,-1
1,1,1,1,-1,1,-1,-1,-1,1,-1,1,1,-1,1,-1,1,-1,-1,-1,-1,-1,-1,-1,1,-1,1,-1,-1,-1,-1,-1,1,-1,1,-1,1,1,1,-1,-1,-1,-1,1,1,-1,-1,1,1,1,1,1,-1,-1,-1,-1,1,-1,-1,-1,1,1,-1,1,-1,1,-1,-1,-1,-1,1,1,1,1,1,-1,-1,-1,-1,1,-1,-1,-1,-1,1,1,-1,-1,1,-1,-1,-1,-1,1,-1,-1,1,-1,-1,1
-1,-1,-1,1,-1,1,1,-1,1,-1,1,-1,1,1,-1,1,-1,-1,-1,1,1,-1,-1,1,-1,-1,-1,1,-1,1,-1,-1,-1,1,-1,1,-1,1,-1,-1,-1,1,1,-1,-1,1,1,1,-1,-1,-1,1,1,-1,1,-1,1,1,1,-1,-1,-1,-1,-1,1,-1,-1,1,1,-1,1,-1,-1,-1,-1,1,1,1,-1,-1,-1,-1,1,1,1,-1,-1,1,-1,1,-1,-1,1,1,1,1,1,-1,-1,1
1,1,1,1,-1,-1,1,1,1,-1,-1,-1,-1,-1,-1,-1,1,1,1,-1,-1,-1,-1,-1,-1,-1,1,-1,1,-1,1,1,1,-1,-1,1,1,1,1,1,1,1,-1,1,1,-1,-1,-1,1,-1,1,1,1,1,-1,1,-1,1,1,1,1,1,-1,-1,1,1,1,1,1,-1,-1,-1,1,1,-1,1,1,1,-1,1,1,1,1,-1,-1,1,1,1,1,-1,1,1,-1,-1,-1,1,1,-1,1,-1
